query_id,rule_id,table,record_key,severity,query_status,description,disposition
Q-0001,CHRONOLOGY,procedures,PROC-0001,critical,open,Procedure precedes enrollment,
Q-0002,CHRONOLOGY,procedures,PROC-0002,critical,open,Procedure precedes enrollment,
Q-0003,CHRONOLOGY,procedures,PROC-0003,critical,open,Procedure precedes enrollment,
Q-0004,COHORT_MISMATCH,procedures,PROC-0013,critical,open,Procedure cohort differs from participant,
Q-0005,COHORT_MISMATCH,procedures,PROC-0014,critical,open,Procedure cohort differs from participant,
Q-0006,COHORT_MISMATCH,procedures,PROC-0015,critical,open,Procedure cohort differs from participant,
Q-0007,FOLLOWUP_DUE,followups,FU-0001-180,critical,open,Due date does not equal procedure date plus target days,
Q-0008,FOLLOWUP_DUE,followups,FU-0001-30,critical,open,Due date does not equal procedure date plus target days,
Q-0009,FOLLOWUP_DUE,followups,FU-0001-365,critical,open,Due date does not equal procedure date plus target days,
Q-0010,FOLLOWUP_DUE,followups,FU-0001-90,critical,open,Due date does not equal procedure date plus target days,
Q-0011,FOLLOWUP_DUE,followups,FU-0002-180,critical,open,Due date does not equal procedure date plus target days,
Q-0012,FOLLOWUP_DUE,followups,FU-0002-30,critical,open,Due date does not equal procedure date plus target days,
Q-0013,FOLLOWUP_DUE,followups,FU-0002-365,critical,open,Due date does not equal procedure date plus target days,
Q-0014,FOLLOWUP_DUE,followups,FU-0002-90,critical,open,Due date does not equal procedure date plus target days,
Q-0015,FOLLOWUP_DUE,followups,FU-0003-180,critical,open,Due date does not equal procedure date plus target days,
Q-0016,FOLLOWUP_DUE,followups,FU-0003-30,critical,open,Due date does not equal procedure date plus target days,
Q-0017,FOLLOWUP_DUE,followups,FU-0003-365,critical,open,Due date does not equal procedure date plus target days,
Q-0018,FOLLOWUP_DUE,followups,FU-0003-90,critical,open,Due date does not equal procedure date plus target days,
Q-0019,FOLLOWUP_DUE,followups,FU-0007-180,critical,open,Due date does not equal procedure date plus target days,
Q-0020,FOLLOWUP_DUE,followups,FU-0008-180,critical,open,Due date does not equal procedure date plus target days,
Q-0021,FOLLOWUP_DUE,followups,FU-0009-180,critical,open,Due date does not equal procedure date plus target days,
Q-0022,FOLLOWUP_STATUS,followups,FU-0004-90,critical,open,Completed visit lacks visit date or score,
Q-0023,FOLLOWUP_STATUS,followups,FU-0005-90,critical,open,Completed visit lacks visit date or score,
Q-0024,FOLLOWUP_STATUS,followups,FU-0006-90,critical,open,Completed visit lacks visit date or score,
Q-0025,MODULE_MISSING,breast_module,PROC-0010,critical,open,Required cohort module absent,
Q-0026,MODULE_MISSING,nerve_module,PROC-0011,critical,open,Required cohort module absent,
Q-0027,MODULE_MISSING,wound_module,PROC-0012,critical,open,Required cohort module absent,
Q-0028,SAE_NOTIFICATION,adverse_events,AE-0038,critical,open,Serious AE has no notification date,
Q-0029,SAE_NOTIFICATION,adverse_events,AE-0039,critical,open,Serious AE has no notification date,
Q-0030,SAE_NOTIFICATION,adverse_events,AE-0042,critical,open,Serious AE has no notification date,
