rule_id,table,record_key,severity
CHRONOLOGY,procedures,PROC-0001,critical
CHRONOLOGY,procedures,PROC-0002,critical
CHRONOLOGY,procedures,PROC-0003,critical
FOLLOWUP_STATUS,followups,FU-0004-90,critical
FOLLOWUP_STATUS,followups,FU-0005-90,critical
FOLLOWUP_STATUS,followups,FU-0006-90,critical
FOLLOWUP_DUE,followups,FU-0007-180,critical
FOLLOWUP_DUE,followups,FU-0008-180,critical
FOLLOWUP_DUE,followups,FU-0009-180,critical
MODULE_MISSING,breast_module,PROC-0010,critical
MODULE_MISSING,nerve_module,PROC-0011,critical
MODULE_MISSING,wound_module,PROC-0012,critical
COHORT_MISMATCH,procedures,PROC-0013,critical
COHORT_MISMATCH,procedures,PROC-0014,critical
COHORT_MISMATCH,procedures,PROC-0015,critical
SAE_NOTIFICATION,adverse_events,AE-0038,critical
SAE_NOTIFICATION,adverse_events,AE-0039,critical
SAE_NOTIFICATION,adverse_events,AE-0042,critical
